image,points,csv_valid,valid_area_pct,csv_valid_area_pct,major_median_px
118.2.jpg,148,149,47.4,47.4,69.2
118.3.jpg,148,150,48.8,48.8,68.6
137.1.jpg,373,375,99.7,99.7,62.0
14.2.jpg,142,144,47.7,47.7,61.9
155.1.jpg,347,355,99.5,99.5,60.7
171.3.jpg,476,477,87.3,87.3,50.6
175.2.2.jpg,353,354,89.0,88.9,69.0
212.1.jpg,306,309,94.7,94.7,60.0
28.1.jpg,221,223,73.2,73.2,57.1
283.3.jpg,294,298,99.4,99.4,67.6
298.2.jpg,358,363,99.3,99.3,67.0
3.3.jpg,90,90,44.8,44.8,57.2
372.2.jpg,92,92,62.3,62.2,63.6
405.3.jpg,135,135,45.2,45.2,64.8
428.1.jpg,340,342,99.0,99.0,68.0
49.2.jpg,170,171,48.8,48.8,64.2
558.3.jpg,484,489,99.1,99.1,60.9
573.2.jpg,256,259,93.7,93.7,62.3
632.1.jpg,334,338,91.5,91.5,62.5
9.3.jpg,253,257,73.7,73.7,53.3
