image,stomata_total,stomata_valid,valid_area_pct,masked_density,raw_density
428.1.jpg,342,342,99.0,305.1,302.0
558.3.jpg,489,489,99.1,435.9,431.8
298.2.jpg,363,363,99.3,322.9,320.5
283.3.jpg,298,298,99.4,264.7,263.1
155.1.jpg,355,355,99.5,315.0,313.5
137.1.jpg,375,375,99.7,332.0,331.1
3.3.jpg,90,90,44.8,177.4,79.5
405.3.jpg,137,135,45.2,264.0,121.0
118.2.jpg,149,149,47.4,277.8,131.6
14.2.jpg,146,144,47.7,266.8,128.9
118.3.jpg,150,150,48.8,271.7,132.5
49.2.jpg,173,171,48.8,309.5,152.8
372.2.jpg,92,92,62.2,130.5,81.2
573.2.jpg,260,259,93.7,244.1,229.6
28.1.jpg,223,223,73.2,269.1,196.9
212.1.jpg,309,309,94.7,288.3,272.9
9.3.jpg,259,257,73.7,308.1,228.7
632.1.jpg,338,338,91.5,326.2,298.5
175.2.2.jpg,354,354,88.9,351.6,312.6
171.3.jpg,477,477,87.3,482.5,421.2
