run,epoch,time,train/box_loss,train/cls_loss,train/dfl_loss,metrics/precision(B),metrics/recall(B),metrics/mAP50(B),metrics/mAP50-95(B),val/box_loss,val/cls_loss,val/dfl_loss,lr/pg0,lr/pg1,lr/pg2
human_ft1,1,543.144,1.54103,1.10291,2.37151,0.90478,0.89382,0.92784,0.45005,1.67079,1.06609,2.34486,0.00198958,0.00198958,0.00198958
human_ft1,2,1056.11,1.40932,1.00631,2.18372,0.88874,0.89212,0.91304,0.36863,1.84104,1.1342,2.48369,0.00187942,0.00187942,0.00187942
human_ft1,3,1568.72,1.38948,0.99383,2.16048,0.89665,0.91467,0.9354,0.48085,1.61055,0.91141,2.27117,0.00155,0.00155,0.00155
human_ft1,4,2074.45,1.35246,0.8857,2.17444,0.89923,0.90865,0.93353,0.46056,1.67954,0.91446,2.33799,0.0011,0.0011,0.0011
human_ft1,5,2573.22,1.31554,0.83714,2.13935,0.89996,0.91554,0.94015,0.43504,1.74061,0.89665,2.39733,0.00065,0.00065,0.00065
human_ft1,6,3070.89,1.2998,0.80134,2.13497,0.90329,0.91787,0.94289,0.51873,1.52536,0.82821,2.18628,0.000320577,0.000320577,0.000320577
human_ft2,1,544.759,1.48217,1.16365,2.2671,0.89526,0.89892,0.92594,0.42519,1.69661,1.07013,2.35224,0.002,0.002,0.002
human_ft2,2,1080.98,1.3871,0.96098,2.16068,0.87585,0.89227,0.90457,0.35143,1.87999,1.09616,2.51587,0.00187942,0.00187942,0.00187942
human_ft2,3,1618.36,1.38354,0.93301,2.16415,0.90413,0.91116,0.94031,0.4844,1.59761,0.9234,2.24917,0.00155,0.00155,0.00155
human_ft2,4,2131.17,1.32398,0.82928,2.16382,0.90333,0.91565,0.93831,0.47033,1.61585,0.88701,2.25785,0.0011,0.0011,0.0011
human_ft2,5,2644.65,1.30139,0.78968,2.14318,0.90368,0.91673,0.94052,0.4437,1.72595,0.83079,2.38075,0.00065,0.00065,0.00065
human_ft2,6,3148.88,1.29487,0.75844,2.1476,0.90437,0.92127,0.94703,0.51246,1.54688,0.80093,2.20014,0.000320577,0.000320577,0.000320577
human_ft3_clean,1,573.169,1.54437,1.16306,2.35052,0.85989,0.84321,0.86888,0.36596,1.86563,1.23064,2.50277,0.002,0.002,0.002
human_ft3_clean,2,1119.35,1.40198,0.9699,2.18709,0.8977,0.89949,0.92016,0.4471,1.68651,0.98888,2.34638,0.00187942,0.00187942,0.00187942
human_ft3_clean,3,1636.41,1.3382,0.92594,2.16764,0.89983,0.90602,0.92832,0.42626,1.75461,0.89887,2.39523,0.00155,0.00155,0.00155
human_ft3_clean,4,2147.96,1.30662,0.83623,2.15263,0.89941,0.91095,0.93484,0.44604,1.67131,0.91727,2.32102,0.0011,0.0011,0.0011
human_ft3_clean,5,2647.48,1.2943,0.78259,2.14047,0.90536,0.91919,0.94304,0.47207,1.6382,0.81396,2.27225,0.00065,0.00065,0.00065
human_ft3_clean,6,3168.66,1.27455,0.74128,2.12619,0.90286,0.92062,0.94264,0.45544,1.6809,0.82272,2.32522,0.000320577,0.000320577,0.000320577
